,x_position_input,y_position_input,yaw_input,con_linear_x_input,con_z_input,input_time,x_position_output,y_position_output,yaw_output,output_time
0,-6.882157325744629,3.0513205528259277,1.6596107482910156,0.5,0.5,154.89999389648438,-6.882153221511738,3.0512750371648676,1.6595948875553994,154.91
1,-6.9044036865234375,3.184995651245117,1.7316547632217407,0.5,0.5,155.38699340820312,-6.904403683707021,3.1849955466121243,1.7316548167502623,155.387
2,-6.9044036865234375,3.184995651245117,1.7316547632217407,0.5,0.5,155.38699340820312,-6.9046317429646535,3.186145984706028,1.7323434595307667,155.431
3,-6.904631614685059,3.1861460208892822,1.7323434352874756,0.5,0.5,155.43099975585938,-6.9046317429646535,3.186145984706028,1.7323434595307667,155.431
4,-6.9054856300354,3.190080165863037,1.7384774684906006,0.5,0.5,155.47999572753906,-6.905822950551635,3.191556383105881,1.7406253276359267,155.49
5,-6.90582275390625,3.191556453704834,1.7406253814697266,0.5,0.5,155.49000549316406,-6.905822950551635,3.191556383105881,1.7406253276359267,155.49
6,-6.90813684463501,3.1993963718414307,1.750222086906433,0.5,0.5,155.52999877929688,-6.90813661859795,3.1993963083965533,1.7502220934290404,155.53
7,-6.911348819732666,3.21171236038208,1.7615158557891846,0.5,0.5,155.5709991455078,-6.911348831671796,3.211712401471257,1.761515823508542,155.573
8,-6.911348819732666,3.21171236038208,1.7615158557891846,0.5,0.5,155.5709991455078,-6.911348831671796,3.211712401471257,1.761515823508542,155.573
9,-6.91544771194458,3.2292559146881104,1.7733241319656372,0.5,0.5,155.61500549316406,-6.915447662389655,3.229255917491634,1.7733241197796108,155.615
10,-6.922438621520996,3.253655433654785,1.7890312671661377,0.5,0.5,155.66099548339844,-6.922438855488406,3.2536553559029646,1.789031308835413,155.662
11,-6.922438621520996,3.253655433654785,1.7890312671661377,0.5,0.5,155.66099548339844,-6.922438855488406,3.2536553559029646,1.789031308835413,155.662
12,-6.930885314941406,3.2855584621429443,1.8103851079940796,0.5,0.5,155.72000122070312,-6.930885529789212,3.2855584777577835,1.8103851618524318,155.72
13,-6.930885314941406,3.2855584621429443,1.8103851079940796,0.5,0.5,155.72000122070312,-6.930885529789212,3.2855584777577835,1.8103851618524318,155.72
14,-6.9359259605407715,3.30155873298645,1.82121741771698,0.5,0.5,155.75900268554688,-6.935926068213818,3.3015587518279816,1.8212173639886453,155.759
15,-6.943591594696045,3.329517126083374,1.8393563032150269,0.5,0.5,155.80499267578125,-6.943591644497671,3.3295170749461045,1.839356279634908,155.805
16,-6.943591594696045,3.329517126083374,1.8393563032150269,0.5,0.5,155.80499267578125,-6.943591644497671,3.3295170749461045,1.839356279634908,155.805
17,-6.952373027801514,3.3566946983337402,1.8552603721618652,0.5,0.5,155.8509979248047,-6.95237280291614,3.3566947477418707,1.8552603962967926,155.851
18,-6.959521293640137,3.3787245750427246,1.8686257600784302,0.5,0.5,155.89300537109375,-6.959521294272456,3.378724460110104,1.8686258149256,155.89
19,-6.9629926681518555,3.3898696899414062,1.8745347261428833,0.5,0.5,155.91000366210938,-6.962992439734163,3.3898698062201658,1.874534694097822,155.91
20,-6.970862865447998,3.4112322330474854,1.886967420578003,0.5,0.5,155.95399475097656,-6.970862762190627,3.41123219066752,1.8869674730203767,155.953
21,-6.970862865447998,3.4112322330474854,1.886967420578003,0.5,0.5,155.95399475097656,-6.970862762190627,3.41123219066752,1.8869674730203767,155.953
22,-6.978539943695068,3.433281183242798,1.899874210357666,0.5,0.5,155.99400329589844,-6.978540123638397,3.433281267876187,1.8998741857959922,155.994
23,-6.9862871170043945,3.4547977447509766,1.9108079671859741,0.5,0.5,156.03900146484375,-6.988409840772917,3.459901558658465,1.9131777593949097,156.042
24,-6.9862871170043945,3.4547977447509766,1.9108079671859741,0.5,0.5,156.03900146484375,-7.001105726596289,3.4917055681930473,1.9287503909225452,156.099
25,-6.995056629180908,3.475376605987549,1.9214177131652832,0.5,0.5,156.07899475097656,-7.001105726596289,3.4917055681930473,1.9287503909225452,156.099
26,-7.005159854888916,3.5024402141571045,1.9336862564086914,0.5,0.5,156.1230010986328,-7.001105726596289,3.4917055681930473,1.9287503909225452,156.099
27,-7.014186382293701,3.5234215259552,1.94637131690979,0.5,0.5,156.16000366210938,-7.0073268217668,3.5076799232804237,1.9364676118135469,156.137
28,-7.016447067260742,3.5288023948669434,1.949574589729309,0.5,0.5,156.1699981689453,-7.018688441615269,3.53425260823005,1.9524023513148285,156.181
29,-7.025002956390381,3.550013780593872,1.9597104787826538,0.5,0.5,156.21499633789062,-7.027259369058642,3.5550794824496887,1.9618685460152345,156.226
30,-7.025002956390381,3.550013780593872,1.9597104787826538,0.5,0.5,156.21499633789062,-7.032084132415777,3.565075609890003,1.9660838517694796,156.24
31,-7.034573554992676,3.5701045989990234,1.9686558246612549,0.5,0.5,156.25399780273438,-7.041483050042794,3.5859565451993127,1.9768249756498237,156.285
32,-7.045802593231201,3.5967588424682617,1.982003092765808,0.5,0.5,156.302001953125,-7.041483050042794,3.5859565451993127,1.9768249756498237,156.285
33,-7.045802593231201,3.5967588424682617,1.982003092765808,0.5,0.5,156.302001953125,-7.050523192804496,3.6071846782705457,1.9877538415690694,156.328
34,-7.060783863067627,3.627652883529663,2.0004730224609375,0.5,0.5,156.35899353027344,-7.063189092894656,3.6329145816961694,2.0033694953890655,156.371
35,-7.070127010345459,3.6480748653411865,2.0104165077209473,0.5,0.5,156.40499877929688,-7.063189092894656,3.6329145816961694,2.0033694953890655,156.371
36,-7.070127010345459,3.6480748653411865,2.0104165077209473,0.5,0.5,156.40499877929688,-7.078161245051745,3.66274354583263,2.0175276456888915,156.43
37,-7.080800533294678,3.6677491664886475,2.020329475402832,0.5,0.5,156.4409942626953,-7.078161245051745,3.66274354583263,2.0175276456888915,156.43
38,-7.0930962562561035,3.6937904357910156,2.0336318016052246,0.5,0.5,156.4929962158203,-7.088072063260246,3.6833925278368156,2.028158487600772,156.472
39,-7.0930962562561035,3.6937904357910156,2.0336318016052246,0.5,0.5,156.4929962158203,-7.098532275536402,3.7039220613036763,2.0393863014745737,156.519
40,-7.1099700927734375,3.7233667373657227,2.051938056945801,0.5,0.5,156.5500030517578,-7.098532275536402,3.7039220613036763,2.0393863014745737,156.519
41,-7.1099700927734375,3.7233667373657227,2.051938056945801,0.5,0.5,156.5500030517578,-7.112461636078014,3.728340354593951,2.054775389804301,156.567
42,-7.120673179626465,3.743236541748047,2.063284158706665,0.5,0.5,156.59500122070312,-7.126535186614382,3.752998256474793,2.0692829337413525,156.615
43,-7.132421016693115,3.7623648643493652,2.0754566192626953,0.5,0.5,156.63900756835938,-7.126535186614382,3.752998256474793,2.0692829337413525,156.615
44,-7.132421016693115,3.7623648643493652,2.0754566192626953,0.5,0.5,156.63900756835938,-7.141397567568471,3.776434574709297,2.086167293862687,156.66
45,-7.14711332321167,3.7864482402801514,2.0928077697753906,0.5,0.5,156.68499755859375,-7.1558825998206235,3.8015092782307116,2.101481273304364,156.709
46,-7.1620988845825195,3.8109729290008545,2.1068737506866455,0.5,0.5,156.72999572753906,-7.1589531635524155,3.8062900177509253,2.104198094834616,156.72
47,-7.165225982666016,3.8156166076660156,2.1095962524414062,0.5,0.5,156.74000549316406,-7.171479849640238,3.8251050585948057,2.1161736448619934,156.765
48,-7.177606582641602,3.834902048110962,2.122692584991455,0.5,0.5,156.78199768066406,-7.171479849640238,3.8251050585948057,2.1161736448619934,156.765
49,-7.18985652923584,3.8544015884399414,2.135127067565918,0.5,0.5,156.8260040283203,-7.186722291680397,3.849685881968351,2.1321663408827614,156.811
50,-7.18985652923584,3.8544015884399414,2.135127067565918,0.5,0.5,156.8260040283203,-7.19968957072834,3.8682091014613293,2.1442194387363243,156.851
51,-7.202953338623047,3.872948169708252,2.1476035118103027,0.5,0.5,156.8679962158203,-7.206187057793974,3.877789602241552,2.1506484994560022,156.87
52,-7.202953338623047,3.872948169708252,2.1476035118103027,0.5,0.5,156.8679962158203,-7.219278004157663,3.8971854667400887,2.1606211676939044,156.915
53,-7.219277858734131,3.8971855640411377,2.160621166229248,0.5,0.5,156.91400146484375,-7.219278004157663,3.8971854667400887,2.1606211676939044,156.915
54,-7.236102104187012,3.919379949569702,2.1736090183258057,0.5,0.5,156.96099853515625,-7.2361019138283345,3.919380041660945,2.173609070408511,156.961
55,-7.236102104187012,3.919379949569702,2.1736090183258057,0.5,0.5,156.96099853515625,-7.252847217475872,3.942876466950329,2.1856765376920566,157.01
56,-7.381516933441162,4.104504108428955,2.2623584270477295,-0.5,0.0,158.33999633789062,-7.381460770409387,4.104403810661712,2.2625263275624676,158.35
57,-7.285710334777832,3.989103078842163,2.2688651084899902,-0.5,0.0,158.8489990234375,-7.287035768400918,3.9907487845546816,2.268380333665766,158.815
58,-7.285529136657715,3.9888761043548584,2.2689526081085205,-0.5,0.0,158.86000061035156,-7.285710198710322,3.989102992405089,2.2688650529681245,158.857
59,-7.28439998626709,3.987488031387329,2.269186019897461,-0.5,0.0,158.9029998779297,-7.284400189183753,3.987488093859636,2.26918599797708,158.903
60,-7.28439998626709,3.987488031387329,2.269186019897461,-0.5,0.0,158.9029998779297,-7.279720653011424,3.9818990767040208,2.2694201121892013,158.95
61,-7.281035900115967,3.9834656715393066,2.2693865299224854,-0.5,0.0,158.947998046875,-7.278193018569194,3.9800848264271425,2.2694569974737715,158.957
62,-7.274507522583008,3.9757370948791504,2.2695865631103516,-0.5,0.0,158.97999572753906,-7.272350437553019,3.97320805387061,2.2697119148327243,158.992
63,-7.264633655548096,3.964175224304199,2.270246744155884,-0.5,0.0,159.02099609375,-7.272350437553019,3.97320805387061,2.2697119148327243,158.992
64,-7.264633655548096,3.964175224304199,2.270246744155884,-0.5,0.0,159.02099609375,-7.261633049636061,3.960679599278557,2.2704972639118255,159.032
65,-7.251765251159668,3.9490785598754883,2.2710297107696533,-0.5,0.0,159.06500244140625,-7.248278591578992,3.9449129957527576,2.2710952135141937,159.076
66,-7.237440586090088,3.9319400787353516,2.271270990371704,-0.5,0.0,159.0970001220703,-7.248278591578992,3.9449129957527576,2.2710952135141937,159.076
67,-7.233730792999268,3.9275286197662354,2.2713727951049805,-0.5,0.0,159.11000061035156,-7.233730833466251,3.9275286903146975,2.271372755723928,159.119
68,-7.218719482421875,3.9096546173095703,2.271758794784546,-0.5,0.0,159.15899658203125,-7.214959324424857,3.905169787390304,2.2718389642435453,159.163
69,-7.218719482421875,3.9096546173095703,2.271758794784546,-0.5,0.0,159.15899658203125,-7.214959324424857,3.905169787390304,2.2718389642435453,159.163
70,-7.199868202209473,3.8872244358062744,2.2721500396728516,-0.5,0.0,159.2010040283203,-7.192261648497041,3.878200451262021,2.2723143305492637,159.22
71,-7.180802345275879,3.864619016647339,2.2725799083709717,-0.5,0.0,159.24899291992188,-7.192261648497041,3.878200451262021,2.2723143305492637,159.22
72,-7.176992416381836,3.8600878715515137,2.2726781368255615,-0.5,0.0,159.25999450683594,-7.176992628112033,3.860087791326238,2.2726781572287433,159.267
73,-7.165613651275635,3.8465209007263184,2.2729289531707764,-0.5,0.0,159.3000030517578,-7.161824092298164,3.842022637902843,2.2730192896616193,159.308
74,-7.146627426147461,3.823991298675537,2.2734477519989014,-0.5,0.0,159.343994140625,-7.1466275799309935,3.8239914039254352,2.2734478298029277,159.349
75,-7.146627426147461,3.823991298675537,2.2734477519989014,-0.5,0.0,159.343994140625,-7.1466275799309935,3.8239914039254352,2.2734478298029277,159.349
76,-7.123690605163574,3.7968101501464844,2.274069309234619,-0.5,0.0,159.39999389648438,-7.127501763696259,3.8013422047245857,2.273966853896633,159.397
77,-7.123690605163574,3.7968101501464844,2.274069309234619,-0.5,0.0,159.39999389648438,-7.127501763696259,3.8013422047245857,2.273966853896633,159.397
78,-7.108502388000488,3.77878737449646,2.274432420730591,-0.5,0.0,159.44200134277344,-7.108502482710704,3.7787874527688903,2.2744323445740897,159.445
79,-7.093236923217773,3.7607407569885254,2.2747890949249268,-0.5,0.0,159.48300170898438,-7.08940455365757,3.7562189878831376,2.274888178177011,159.49
80,-7.093236923217773,3.7607407569885254,2.2747890949249268,-0.5,0.0,159.48300170898438,-7.085569428272017,3.7516913672985415,2.274979027404028,159.5
81,-7.0779194831848145,3.742629051208496,2.275198221206665,-0.5,0.0,159.5290069580078,-7.074106578289425,3.738102751080131,2.2752942503021925,159.536
82,-7.058887481689453,3.7201008796691895,2.2757046222686768,-0.5,0.0,159.5709991455078,-7.055075707168619,3.7156082949549325,2.2757825467418735,159.584
83,-7.058887481689453,3.7201008796691895,2.2757046222686768,-0.5,0.0,159.5709991455078,-7.055075707168619,3.7156082949549325,2.2757825467418735,159.584
84,-7.039759635925293,3.6975536346435547,2.2761270999908447,-0.5,0.0,159.62100219726562,-7.032089031199098,3.688502543610522,2.2763125630317953,159.64
85,-7.020630359649658,3.6749696731567383,2.276577949523926,-0.5,0.0,159.6699981689453,-7.032089031199098,3.688502543610522,2.2763125630317953,159.64
86,-7.016819477081299,3.6704859733581543,2.2766616344451904,-0.5,0.0,159.67999267578125,-7.016819326023888,3.6704859119360402,2.2766616103981097,159.681
87,-7.001552581787109,3.6525301933288574,2.277087688446045,-0.5,0.0,159.72000122070312,-7.001552417251124,3.652530150010279,2.2770877521815933,159.724
88,-6.986199378967285,3.634495496749878,2.2774760723114014,-0.5,0.0,159.76400756835938,-6.986199196541673,3.634495446132681,2.2774761448063714,159.763
89,-6.986199378967285,3.634495496749878,2.2774760723114014,-0.5,0.0,159.76400756835938,-6.986199196541673,3.634495446132681,2.2774761448063714,159.763
90,-6.970889568328857,3.6164536476135254,2.2778759002685547,-0.5,0.0,159.8070068359375,-6.970889479446784,3.616453553763978,2.2778759520718648,159.807
91,-6.955618858337402,3.5985283851623535,2.278290271759033,-0.5,0.0,159.8470001220703,-6.955618746561047,3.5985282813941932,2.2782903515024704,159.847
92,-6.955618858337402,3.5985283851623535,2.278290271759033,-0.5,0.0,159.8470001220703,-6.955618746561047,3.5985282813941932,2.2782903515024704,159.847
93,-6.936398506164551,3.575998306274414,2.278700828552246,-0.5,0.0,159.89500427246094,-6.932552061437985,3.571492278113307,2.278797193999272,159.9
94,-6.936398506164551,3.575998306274414,2.278700828552246,-0.5,0.0,159.89500427246094,-6.917265402243734,3.553521218659993,2.2791529724359094,159.942
95,-6.91726541519165,3.553521156311035,2.2791528701782227,-0.5,0.0,159.94200134277344,-6.909617020112633,3.5445849001999155,2.2793627758078148,159.958
96,-6.898103713989258,3.5311195850372314,2.279635429382324,-0.5,0.0,159.99000549316406,-6.909617020112633,3.5445849001999155,2.2793627758078148,159.958
97,-6.894255638122559,3.5266168117523193,2.279712677001953,-0.5,0.0,159.99899291992188,-6.89425546873619,3.526616780500819,2.279712766892953,160.002
98,-6.882706165313721,3.5131001472473145,2.2799859046936035,-0.5,0.0,160.03900146484375,-6.878866501446209,3.508604078629067,2.280073439492397,160.043
99,-6.863576412200928,3.4906837940216064,2.2804296016693115,-0.5,0.0,160.08299255371094,-6.863576455168899,3.490683911242558,2.280429551319175,160.087
100,-6.863576412200928,3.4906837940216064,2.2804296016693115,-0.5,0.0,160.08299255371094,-6.863576455168899,3.490683911242558,2.280429551319175,160.087
101,-6.840501308441162,3.4637420177459717,2.2809693813323975,-0.5,0.0,160.13800048828125,-6.844366234240524,3.4682391901967162,2.2808650618164696,160.131
102,-6.840501308441162,3.4637420177459717,2.2809693813323975,-0.5,0.0,160.13800048828125,-6.844366234240524,3.4682391901967162,2.2808650618164696,160.131
103,-6.825132846832275,3.445758581161499,2.2813220024108887,-0.5,0.0,160.17999267578125,-6.821308121930263,3.4412881896068632,2.281398783964898,160.19
104,-6.809818744659424,3.427891254425049,2.2816333770751953,-0.5,0.0,160.2270050048828,-6.821308121930263,3.4412881896068632,2.281398783964898,160.19
105,-6.809818744659424,3.427891254425049,2.2816333770751953,-0.5,0.0,160.2270050048828,-6.805973536332984,3.423418038580789,2.2817089877250787,160.239
106,-6.7943878173828125,3.4099531173706055,2.2819385528564453,-0.5,0.0,160.26600646972656,-6.78665492046923,3.4009591120708658,2.2821279058392223,160.28
107,-6.775123119354248,3.3874905109405518,2.282383918762207,-0.5,0.0,160.3179931640625,-6.771290978960238,3.3830252302125867,2.282475932760542,160.322
108,-6.775123119354248,3.3874905109405518,2.282383918762207,-0.5,0.0,160.3179931640625,-6.76362369672175,3.3740994289790276,2.2826798898354155,160.34
109,-6.752074718475342,3.3606643676757812,2.2830371856689453,-0.5,0.0,160.3699951171875,-6.76362369672175,3.3740994289790276,2.2826798898354155,160.34
110,-6.7366042137146,3.342695713043213,2.283412456512451,-0.5,0.0,160.41099548339844,-6.7482079792437455,3.3561765981383593,2.2831393877063118,160.385
111,-6.7366042137146,3.342695713043213,2.283412456512451,-0.5,0.0,160.41099548339844,-6.7327477980934685,3.338205004648633,2.2835039814387,160.426
112,-6.721233367919922,3.3247761726379395,2.2837486267089844,-0.5,0.0,160.45199584960938,-6.7327477980934685,3.338205004648633,2.2835039814387,160.426
113,-6.705850124359131,3.3069186210632324,2.2841525077819824,-0.5,0.0,160.4980010986328,-6.713558328969528,3.3158587958197674,2.2839505241546156,160.473
114,-6.705850124359131,3.3069186210632324,2.2841525077819824,-0.5,0.0,160.4980010986328,-6.690354616157873,3.288981574206814,2.284514212826612,160.53
115,-6.690354824066162,3.2889816761016846,2.2845141887664795,-0.5,0.0,160.53599548339844,-6.690354616157873,3.288981574206814,2.284514212826612,160.53
116,-6.671083450317383,3.2665793895721436,2.2850587368011475,-0.5,0.0,160.58399963378906,-6.678766426330628,3.2755148789546675,2.284848556023041,160.568
117,-6.671083450317383,3.2665793895721436,2.2850587368011475,-0.5,0.0,160.58399963378906,-6.659535049069695,3.2532204857488094,2.285311038403215,160.612
118,-6.647907257080078,3.2397971153259277,2.2855947017669678,-0.5,0.0,160.63999938964844,-6.659535049069695,3.2532204857488094,2.285311038403215,160.612
119,-6.647907257080078,3.2397971153259277,2.2855947017669678,-0.5,0.0,160.63999938964844,-6.640139437666241,3.2308317876738935,2.285785440746551,160.662
120,-6.632406234741211,3.2218761444091797,2.2859721183776855,-0.5,0.0,160.68699645996094,-6.62086103690546,3.2085215537179903,2.286212134971725,160.71
121,-6.617015838623047,3.204071521759033,2.2862908840179443,-0.5,0.0,160.7220001220703,-6.617015863267961,3.2040716305780435,2.2862909560760514,160.72
122,-6.617015838623047,3.204071521759033,2.2862908840179443,-0.5,0.0,160.7220001220703,-6.605443485234082,3.190687517641082,2.286579464161684,160.756
123,-6.597672462463379,3.1817495822906494,2.286764144897461,-0.5,0.0,160.7729949951172,-6.5860113019306885,3.1683134946520624,2.2870200496417117,160.805
124,-6.578281879425049,3.1593775749206543,2.287210464477539,-0.5,0.0,160.82000732421875,-6.5860113019306885,3.1683134946520624,2.2870200496417117,160.805
125,-6.574429988861084,3.1549265384674072,2.287301540374756,-0.5,0.0,160.8300018310547,-6.562867175796296,3.1415934857789907,2.2875609465238433,160.86
126,-6.5589985847473145,3.1371333599090576,2.28765606880188,-0.5,0.0,160.8730010986328,-6.562867175796296,3.1415934857789907,2.2875609465238433,160.86
127,-6.5434489250183105,3.1192288398742676,2.2880568504333496,-0.5,0.0,160.91000366210938,-6.5512346788472575,3.1281918619601896,2.2878643087516344,160.895
128,-6.5434489250183105,3.1192288398742676,2.2880568504333496,-0.5,0.0,160.91000366210938,-6.535673038291672,3.1102759309904,2.288279312793836,160.939
129,-6.524074554443359,3.0968942642211914,2.2885539531707764,-0.5,0.0,160.9600067138672,-6.535673038291672,3.1102759309904,2.288279312793836,160.939
130,-6.5086236000061035,3.079108715057373,2.288881778717041,-0.5,0.0,161.0,-6.516361369361411,3.088006000265202,2.288708792990695,160.98
131,-6.5047383308410645,3.0746498107910156,2.28898549079895,-0.5,0.0,161.00999450683594,-6.496942350926827,3.0657282307491927,2.289195321404832,161.03
132,-6.489147663116455,3.056790828704834,2.289379358291626,-0.5,0.0,161.0590057373047,-6.496942350926827,3.0657282307491927,2.289195321404832,161.03
133,-6.489147663116455,3.056790828704834,2.289379358291626,-0.5,0.0,161.0590057373047,-6.477537653858046,3.0434246279855466,2.2896135483888465,161.078
134,-6.473679065704346,3.038992166519165,2.2896852493286133,-0.5,0.0,161.0989990234375,-6.462099827193663,3.025656753158066,2.2899664814828617,161.124
135,-6.454319953918457,3.0167505741119385,2.2901875972747803,-0.5,0.0,161.1479949951172,-6.4543199900203625,3.0167505363252323,2.290187525995031,161.14
136,-6.454319953918457,3.0167505741119385,2.2901875972747803,-0.5,0.0,161.1479949951172,-6.438703679309164,2.998878084891336,2.290606458489091,161.183
137,-6.430936813354492,2.989962339401245,2.29079270362854,-0.5,0.0,161.1929931640625,-6.438703679309164,2.998878084891336,2.290606458489091,161.183
138,-6.415473461151123,2.9722139835357666,2.2911152839660645,-0.5,0.0,161.2429962158203,-6.423209003172629,2.9810762749663797,2.290921770440297,161.228
139,-6.415473461151123,2.9722139835357666,2.2911152839660645,-0.5,0.0,161.2429962158203,-6.403782161839451,2.9588887895345213,2.2914775093624282,161.272
140,-6.399871826171875,2.9544284343719482,2.2915806770324707,-0.5,0.0,161.28399658203125,-6.403782161839451,2.9588887895345213,2.2914775093624282,161.272
141,-6.384268760681152,2.936565399169922,2.29201340675354,-0.5,0.0,161.32699584960938,-6.380389711332554,2.9321116304615877,2.2921088085905383,161.33
142,-6.384268760681152,2.936565399169922,2.29201340675354,-0.5,0.0,161.32699584960938,-6.380389711332554,2.9321116304615877,2.2921088085905383,161.33
143,-6.368756294250488,2.918834686279297,2.29233455657959,-0.5,0.0,161.36900329589844,-6.3687564924426345,2.918834774808576,2.2923344417067937,161.369
144,-6.3492608070373535,2.8966281414031982,2.2927405834198,-0.5,0.0,161.4149932861328,-6.349260860803361,2.896628078807324,2.2927404738793635,161.411
145,-6.3492608070373535,2.8966281414031982,2.2927405834198,-0.5,0.0,161.4149932861328,-6.349260860803361,2.896628078807324,2.2927404738793635,161.411
146,-6.329748153686523,2.8743512630462646,2.293154239654541,-0.5,0.0,161.46099853515625,-6.3258687091927746,2.86991885328054,2.2932360461707724,161.47
147,-6.310324192047119,2.85223650932312,2.2935657501220703,-0.5,0.0,161.50999450683594,-6.310324376970901,2.852236550607512,2.2935657110940815,161.512
148,-6.306418418884277,2.847804069519043,2.2936484813690186,-0.5,0.0,161.52000427246094,-6.310324376970901,2.852236550607512,2.2935657110940815,161.512
149,-6.294667720794678,2.8344674110412598,2.2938947677612305,-0.5,0.0,161.55599975585938,-6.294667766859548,2.8344674567734747,2.2938948844854,161.556
150,-6.294667720794678,2.8344674110412598,2.2938947677612305,-0.5,0.0,161.55599975585938,-6.294667766859548,2.8344674567734747,2.2938948844854,161.556
151,-6.2790703773498535,2.8166744709014893,2.294234037399292,-0.5,0.0,161.593994140625,-6.27518332185012,2.812248986040458,2.294344859204106,161.603
152,-6.259617805480957,2.794560432434082,2.294715166091919,-0.5,0.0,161.64100646972656,-6.255707636648883,2.790123417036468,2.2948174669792154,161.65
153,-6.259617805480957,2.794560432434082,2.294715166091919,-0.5,0.0,161.64100646972656,-6.25178869809956,2.7856819930911283,2.2949194854098236,161.66
154,-6.236112594604492,2.767882823944092,2.2953152656555176,-0.5,0.0,161.6999969482422,-6.232217543315799,2.763435770654943,2.2954079997766375,161.712
155,-6.220547676086426,2.7501754760742188,2.2957241535186768,-0.5,0.0,161.7429962158203,-6.232217543315799,2.763435770654943,2.2954079997766375,161.712
156,-6.220547676086426,2.7501754760742188,2.2957241535186768,-0.5,0.0,161.7429962158203,-6.208842282476861,2.736895487839853,2.296015371039517,161.77
157,-6.204923629760742,2.7324604988098145,2.2961103916168213,-0.5,0.0,161.78900146484375,-6.208842282476861,2.736895487839853,2.296015371039517,161.77
158,-6.204923629760742,2.7324604988098145,2.2961103916168213,-0.5,0.0,161.78900146484375,-6.193148443262906,2.719138638638749,2.296388822114629,161.813
159,-6.185316562652588,2.7102458477020264,2.296621084213257,-0.5,0.0,161.83700561523438,-6.173623975892891,2.6969487922590294,2.2969430513720286,161.862
160,-6.1658220291137695,2.6881263256073,2.2971436977386475,-0.5,0.0,161.88400268554688,-6.173623975892891,2.6969487922590294,2.2969430513720286,161.862
161,-6.1658220291137695,2.6881263256073,2.2971436977386475,-0.5,0.0,161.88400268554688,-6.150130500171375,2.670411462438316,2.297546228539498,161.92
162,-6.14224910736084,2.661533832550049,2.2977397441864014,-0.5,0.0,161.9409942626953,-6.150130500171375,2.670411462438316,2.297546228539498,161.92
163,-6.14224910736084,2.661533832550049,2.2977397441864014,-0.5,0.0,161.9409942626953,-6.134393115570037,2.652655673796324,2.297922713292546,161.961
164,-6.126583099365234,2.6438028812408447,2.298099994659424,-0.5,0.0,161.97999572753906,-6.118767689337267,2.635004520731833,2.298337598714685,162.001
165,-6.110938549041748,2.626185894012451,2.298523426055908,-0.5,0.0,162.02200317382812,-6.118767689337267,2.635004520731833,2.298337598714685,162.001
166,-6.110938549041748,2.626185894012451,2.298523426055908,-0.5,0.0,162.02200317382812,-6.099148912896669,2.612883712526136,2.2987562402287653,162.052
167,-6.091269016265869,2.6040096282958984,2.298948049545288,-0.5,0.0,162.072998046875,-6.079494109166833,2.590719747150985,2.2992864563606545,162.101
168,-6.071671485900879,2.581895351409912,2.2995078563690186,-0.5,0.0,162.1199951171875,-6.079494109166833,2.590719747150985,2.2992864563606545,162.101
169,-6.067760944366455,2.577493667602539,2.2995998859405518,-0.5,0.0,162.1300048828125,-6.055996016136875,2.5642672359176535,2.2998287345844943,162.158
170,-6.052058219909668,2.5598485469818115,2.2999095916748047,-0.5,0.0,162.1719970703125,-6.055996016136875,2.5642672359176535,2.2998287345844943,162.158
171,-6.052058219909668,2.5598485469818115,2.2999095916748047,-0.5,0.0,162.1719970703125,-6.044165081737763,2.5510031617469133,2.3000809347680593,162.192
172,-6.036284446716309,2.5421509742736816,2.300281286239624,-0.5,0.0,162.21099853515625,-6.028441446664263,2.5333133327349002,2.300438003295898,162.237
173,-6.020615100860596,2.5245208740234375,2.3006062507629395,-0.5,0.0,162.2570037841797,-6.028441446664263,2.5333133327349002,2.300438003295898,162.237
174,-6.020615100860596,2.5245208740234375,2.3006062507629395,-0.5,0.0,162.2570037841797,-6.008860488482103,2.5113158496846957,2.3008534412603345,162.28
175,-6.000975608825684,2.50248122215271,2.301063299179077,-0.5,0.0,162.30099487304688,-5.989119341833241,2.489206972159612,2.301339497022261,162.329
176,-5.9812445640563965,2.4803686141967773,2.301522970199585,-0.5,0.0,162.35000610351562,-5.985175213906483,2.4847845083608204,2.3014478404355403,162.34
177,-5.977325439453125,2.4759654998779297,2.3015880584716797,-0.5,0.0,162.36000061035156,-5.9734114419971664,2.4715740459974653,2.3016744656765034,162.375
178,-5.96164608001709,2.4584126472473145,2.301957845687866,-0.5,0.0,162.4040069580078,-5.9734114419971664,2.4715740459974653,2.3016744656765034,162.375
179,-5.96164608001709,2.4584126472473145,2.301957845687866,-0.5,0.0,162.4040069580078,-5.953767921287375,2.4496069964694303,2.302149134480009,162.421
180,-5.941904544830322,2.4363651275634766,2.302391767501831,-0.5,0.0,162.4510040283203,-5.934011499282452,2.4275357859142925,2.302586424157156,162.471
181,-5.9222412109375,2.414350986480713,2.3028030395507812,-0.5,0.0,162.5,-5.930082327609963,2.423129225675611,2.3026577475721415,162.479
182,-5.9183220863342285,2.4099695682525635,2.3028929233551025,-0.5,0.0,162.50999450683594,-5.918322125231382,2.4099695352372303,2.30289285102624,162.512
183,-5.906528472900391,2.3967831134796143,2.303252696990967,-0.5,0.0,162.5489959716797,-5.8986234650660005,2.387965310995316,2.3034505927922106,162.561
184,-5.906528472900391,2.3967831134796143,2.303252696990967,-0.5,0.0,162.5489959716797,-5.8986234650660005,2.387965310995316,2.3034505927922106,162.561
185,-5.886746883392334,2.374715805053711,2.3037431240081787,-0.5,0.0,162.593994140625,-5.878868951052848,2.365897827044457,2.3039180418616296,162.61
186,-5.863155841827393,2.3483495712280273,2.3043482303619385,-0.5,0.0,162.6510009765625,-5.8631559871965075,2.3483495715891887,2.304348328414793,162.651
187,-5.863155841827393,2.3483495712280273,2.3043482303619385,-0.5,0.0,162.6510009765625,-5.859216623476965,2.3439540415826525,2.304444836975782,162.66
188,-5.847346305847168,2.3307533264160156,2.3047425746917725,-0.5,0.0,162.6929931640625,-5.843378924016025,2.326345814064559,2.3048284659085696,162.702
189,-5.827572822570801,2.308727502822876,2.3051578998565674,-0.5,0.0,162.74200439453125,-5.827572879114221,2.3087275125570663,2.305157903108565,162.746
190,-5.827572822570801,2.308727502822876,2.3051578998565674,-0.5,0.0,162.74200439453125,-5.827572879114221,2.3087275125570663,2.305157903108565,162.746
191,-5.803927898406982,2.2824501991271973,2.305698871612549,-0.5,0.0,162.8000030517578,-5.8118367398901265,2.291222347656498,2.30550896328599,162.79
192,-5.803927898406982,2.2824501991271973,2.305698871612549,-0.5,0.0,162.8000030517578,-5.792017913495921,2.26925544616355,2.3059844881332467,162.833
193,-5.792017936706543,2.2692553997039795,2.3059844970703125,-0.5,0.0,162.83900451660156,-5.792017913495921,2.26925544616355,2.3059844881332467,162.833
194,-5.772282123565674,2.2472708225250244,2.3063793182373047,-0.5,0.0,162.88800048828125,-5.772281955843386,2.247270858576259,2.3063792108609604,162.88
195,-5.772282123565674,2.2472708225250244,2.3063793182373047,-0.5,0.0,162.88800048828125,-5.7565061490072145,2.2297904704075076,2.3067304570871716,162.92
196,-5.748570919036865,2.2210121154785156,2.306910991668701,-0.5,0.0,162.94000244140625,-5.748570961965872,2.2210120358669854,2.3069110683157303,162.94
197,-5.748570919036865,2.2210121154785156,2.306910991668701,-0.5,0.0,162.94000244140625,-5.732679252800713,2.203395003161024,2.307306995482793,162.982
198,-5.73267936706543,2.203394889831543,2.307307004928589,-0.5,0.0,162.98199462890625,-5.732679252800713,2.203395003161024,2.307306995482793,162.982
199,-5.716872215270996,2.185880184173584,2.3077552318573,-0.5,0.0,163.02000427246094,-5.716872099862756,2.1858802985853303,2.3077551310927364,163.02
200,-5.716872215270996,2.185880184173584,2.3077552318573,-0.5,0.5,163.02000427246094,-5.716872099862756,2.1858802985853303,2.3077551310927364,163.02
201,-5.556779861450195,2.017578363418579,2.39052414894104,-0.5,0.5,163.5260009765625,-5.556541201108854,2.017320638288347,2.3906555115072146,163.53
202,-5.556779861450195,2.017578363418579,2.39052414894104,-0.5,0.5,163.5260009765625,-5.556541201108854,2.017320638288347,2.3906555115072146,163.53
203,-5.5557355880737305,2.0165364742279053,2.3917081356048584,-0.5,0.5,163.56500244140625,-5.555273933788646,2.0161133847577015,2.392560167970118,163.573
204,-5.551754474639893,2.0129969120025635,2.398738384246826,-0.5,0.5,163.61000061035156,-5.551754425929799,2.0129969568543995,2.3987383882745497,163.614
205,-5.551754474639893,2.0129969120025635,2.398738384246826,-0.5,0.5,163.61000061035156,-5.551754425929799,2.0129969568543995,2.3987383882745497,163.614
206,-5.540201187133789,2.0028932094573975,2.414693593978882,-0.5,0.5,163.6699981689453,-5.5427283636967335,2.005076272111165,2.411997033439307,163.661
207,-5.540201187133789,2.0028932094573975,2.414693593978882,-0.5,0.5,163.6699981689453,-5.531129763744708,1.994990502804166,2.4225036017231636,163.7
208,-5.52764368057251,1.991924524307251,2.4253015518188477,-0.5,0.5,163.71099853515625,-5.527643599509237,1.991924494185161,2.4253014659812324,163.709
209,-5.5120978355407715,1.978334665298462,2.4356281757354736,-0.5,0.5,163.7570037841797,-5.516149473786475,1.9818938649191031,2.433003069763734,163.748
210,-5.5120978355407715,1.978334665298462,2.4356281757354736,-0.5,0.5,163.7570037841797,-5.495257970613641,1.96370046216772,2.4473944158012446,163.795
211,-5.490902423858643,1.9600187540054321,2.450519323348999,-0.5,0.5,163.8070068359375,-5.495257970613641,1.96370046216772,2.4473944158012446,163.795
212,-5.46860408782959,1.9414632320404053,2.467041492462158,-0.5,0.5,163.85000610351562,-5.468604236967318,1.941463286611489,2.467041423220181,163.85
213,-5.4640889167785645,1.9377142190933228,2.4702858924865723,-0.5,0.5,163.86000061035156,-5.468604236967318,1.941463286611489,2.467041423220181,163.85
214,-5.4458723068237305,1.9228655099868774,2.482583999633789,-0.5,0.5,163.906005859375,-5.450448507517135,1.9265479876947802,2.4795616578794757,163.892
215,-5.4458723068237305,1.9228655099868774,2.482583999633789,-0.5,0.5,163.906005859375,-5.432027663675283,1.911848769566694,2.4911945039186003,163.937
216,-5.427377700805664,1.9081976413726807,2.494342088699341,-0.5,0.5,163.94900512695312,-5.432027663675283,1.911848769566694,2.4911945039186003,163.937
217,-5.404057502746582,1.8901058435440063,2.5098044872283936,-0.5,0.5,163.99099731445312,-5.408731871624906,1.893680983153776,2.507046221648385,163.982
218,-5.404057502746582,1.8901058435440063,2.5098044872283936,-0.5,0.5,163.99099731445312,-5.389920012642523,1.879449269041828,2.518337699694307,164.02
219,-5.375619411468506,1.8688385486602783,2.5277323722839355,-0.5,0.5,164.0500030517578,-5.385170059841169,1.8759106709463187,2.5213734449282863,164.03
220,-5.375619411468506,1.8688385486602783,2.5277323722839355,-0.5,0.5,164.0500030517578,-5.366101297727621,1.8617945919799632,2.534271500184224,164.069
221,-5.356490612030029,1.8549281358718872,2.5400819778442383,-0.5,0.5,164.08999633789062,-5.366101297727621,1.8617945919799632,2.534271500184224,164.069
222,-5.337026119232178,1.8413810729980469,2.552147626876831,-0.5,0.5,164.13400268554688,-5.346773801325569,1.8481480652688413,2.545811598633,164.118
223,-5.337026119232178,1.8413810729980469,2.552147626876831,-0.5,0.5,164.13400268554688,-5.3224356386664535,1.831209065592577,2.5619564900264953,164.16
224,-5.317574501037598,1.82785165309906,2.5651204586029053,-0.5,0.5,164.1790008544922,-5.3028436177450615,1.8179745540337446,2.573563547679122,164.199
225,-5.297903060913086,1.8146930932998657,2.576502799987793,-0.5,0.5,164.218994140625,-5.297903025947585,1.8146931069744534,2.57650276480089,164.21
226,-5.297903060913086,1.8146930932998657,2.576502799987793,-0.5,0.5,164.218994140625,-5.283021535893106,1.804897228849871,2.5862280810945153,164.248
227,-5.273146152496338,1.7984181642532349,2.593000650405884,-0.5,0.5,164.26199340820312,-5.283021535893106,1.804897228849871,2.5862280810945153,164.248
228,-5.248104572296143,1.7828426361083984,2.6077373027801514,-0.5,0.5,164.30999755859375,-5.258168947222051,1.7890338625496167,2.6016855804325787,164.293
229,-5.243074417114258,1.7797354459762573,2.610996961593628,-0.5,0.5,164.32000732421875,-5.227923610718635,1.770453973718722,2.621329921476675,164.35
230,-5.222853660583496,1.7674002647399902,2.624624013900757,-0.5,0.5,164.36399841308594,-5.227923610718635,1.770453973718722,2.621329921476675,164.35
231,-5.2075629234313965,1.7584389448165894,2.634148120880127,-0.5,0.5,164.39500427246094,-5.212675209642287,1.7614011948833472,2.6310413073550385,164.385
232,-5.197281360626221,1.7525302171707153,2.640453338623047,-0.5,0.5,164.41000366210938,-5.192141304250313,1.7495725586279052,2.6437135266106604,164.427
233,-5.176702976226807,1.740828514099121,2.653817892074585,-0.5,0.5,164.45799255371094,-5.166377721456106,1.7351079082031955,2.6603975296813913,164.467
234,-5.176702976226807,1.740828514099121,2.653817892074585,-0.5,0.5,164.45799255371094,-5.166377721456106,1.7351079082031955,2.6603975296813913,164.467
235,-5.150783538818359,1.7266770601272583,2.6694400310516357,-0.5,0.5,164.5050048828125,-5.135081650232483,1.7183095058409432,2.6791306536873853,164.53
236,-5.12453556060791,1.7128030061721802,2.6862103939056396,-0.5,0.5,164.55099487304688,-5.135081650232483,1.7183095058409432,2.6791306536873853,164.53
237,-5.119268894195557,1.7100776433944702,2.6896142959594727,-0.5,0.5,164.55999755859375,-5.113998122559587,1.7073862090549683,2.6928807898046943,164.571
238,-5.098110675811768,1.699513554573059,2.70285964012146,-0.5,0.5,164.60699462890625,-5.092804244847145,1.6968898537035888,2.7062092762265753,164.615
239,-5.098110675811768,1.699513554573059,2.70285964012146,-0.5,0.5,164.60699462890625,-5.092804244847145,1.6968898537035888,2.7062092762265753,164.615
240,-5.071465969085693,1.6866264343261719,2.7202916145324707,-0.5,0.5,164.65199279785156,-5.066122118602638,1.684098801183506,2.7236953579702043,164.661
241,-5.044605731964111,1.6742359399795532,2.7370524406433105,-0.5,0.5,164.6999969482422,-5.044605824172033,1.6742359162869407,2.737052549825269,164.7
242,-5.039178848266602,1.6718060970306396,2.740297555923462,-0.5,0.5,164.7100067138672,-5.039178660759374,1.6718060702717343,2.7402976427681858,164.71
243,-4.995469093322754,1.652912974357605,2.7673697471618652,-0.5,0.5,164.7949981689453,-4.995468873005305,1.6529130034931747,2.7673696817952065,164.795
244,-4.96238899230957,1.6394579410552979,2.786891222000122,-0.5,0.5,164.85000610351562,-4.96238895954369,1.639457984379658,2.786891154197461,164.85
245,-4.96238899230957,1.6394579410552979,2.786891222000122,-0.5,0.5,164.85000610351562,-4.96238895954369,1.639457984379658,2.786891154197461,164.85
246,-4.940239906311035,1.6308739185333252,2.8001503944396973,-0.5,0.5,164.89500427246094,-4.9402397556420015,1.6308739666464043,2.8001505134025053,164.895
247,-4.917868614196777,1.6226717233657837,2.813791036605835,-0.5,0.5,164.93299865722656,-4.917868650881079,1.62267176147963,2.813791111453389,164.933
248,-4.917868614196777,1.6226717233657837,2.813791036605835,-0.5,0.5,164.93299865722656,-4.917868650881079,1.62267176147963,2.813791111453389,164.933
249,-4.8954339027404785,1.6146631240844727,2.8282926082611084,-0.5,0.5,164.97799682617188,-4.895434047463509,1.6146631495588084,2.828292710077298,164.978
250,-4.873013019561768,1.6070443391799927,2.8420650959014893,-0.5,0.5,165.0189971923828,-4.873013014377205,1.6070443775978336,2.8420650133958967,165.019
251,-4.873013019561768,1.6070443391799927,2.8420650959014893,-0.5,0.5,165.0189971923828,-4.873013014377205,1.6070443775978336,2.8420650133958967,165.019
252,-4.85042667388916,1.5995383262634277,2.855778217315674,-0.5,0.5,165.0570068359375,-4.844777798595173,1.5977147702099366,2.8592981427659154,165.06
253,-4.822051048278809,1.5908278226852417,2.872955560684204,-0.5,0.5,165.10000610351562,-4.816332809855245,1.589174167421819,2.8765486015913684,165.11
254,-4.822051048278809,1.5908278226852417,2.872955560684204,-0.5,0.5,165.10000610351562,-4.810602453149558,1.5875357936379288,2.880167094327701,165.12
255,-4.787749290466309,1.580986738204956,2.894718647003174,-0.5,0.5,165.1540069580078,-4.7934362346400325,1.5826085368621186,2.8910912656347527,165.158
256,-4.787749290466309,1.580986738204956,2.894718647003174,-0.5,0.5,165.1540069580078,-4.76491499146615,1.5749569761622961,2.9088679345116275,165.202
257,-4.7649149894714355,1.574957013130188,2.908867835998535,-0.5,0.5,165.20199584960938,-4.76491499146615,1.5749569761622961,2.9088679345116275,165.202
258,-4.74190092086792,1.5690717697143555,2.923275947570801,-0.5,0.5,165.24400329589844,-4.730386581202057,1.566232464961326,2.9305307124498183,165.259
259,-4.718850612640381,1.5635000467300415,2.9374032020568848,-0.5,0.5,165.281005859375,-4.730386581202057,1.566232464961326,2.9305307124498183,165.259
260,-4.718850612640381,1.5635000467300415,2.9374032020568848,-0.5,0.5,165.281005859375,-4.713061191839711,1.5621853335854055,2.9408723277929423,165.29
261,-4.695633888244629,1.558347225189209,2.9514951705932617,-0.5,0.5,165.32200622558594,-4.6956338941828575,1.558347173699304,2.95149514357579,165.328
262,-4.6724090576171875,1.553484320640564,2.966444492340088,-0.5,0.5,165.36300659179688,-4.6956338941828575,1.558347173699304,2.95149514357579,165.328
263,-4.6724090576171875,1.553484320640564,2.966444492340088,-0.5,0.5,165.36300659179688,-4.66661178175298,1.5523461327447206,2.9699738936020603,165.376
264,-4.643319606781006,1.547927975654602,2.9837563037872314,-0.5,0.5,165.41200256347656,-4.6374729806746835,1.5468656492878592,2.9873474118152634,165.42
265,-4.619895935058594,1.5438454151153564,2.9982175827026367,-0.5,0.5,165.4499969482422,-4.631615521186348,1.5458368135312002,2.990969453671455,165.43
266,-4.608189105987549,1.5420002937316895,3.005636692047119,-0.5,0.5,165.47000122070312,-4.614039634038655,1.542896761229214,3.0019142812019433,165.469
267,-4.608189105987549,1.5420002937316895,3.005636692047119,-0.5,0.5,165.47000122070312,-4.584760360912684,1.5385669369359019,3.02056532423051,165.513
268,-4.5847601890563965,1.5385669469833374,3.0205652713775635,-0.5,0.5,165.51300048828125,-4.584760360912684,1.5385669369359019,3.02056532423051,165.513
269,-4.561316013336182,1.5353349447250366,3.0349318981170654,-0.5,0.5,165.5590057373047,-4.549589267872485,1.533791649942557,3.0419633743636982,165.57
270,-4.561316013336182,1.5353349447250366,3.0349318981170654,-0.5,0.5,165.5590057373047,-4.549589267872485,1.533791649942557,3.0419633743636982,165.57
271,-4.537848949432373,1.532341718673706,3.048884391784668,-0.5,0.5,165.5989990234375,-4.531967622382358,1.5316531202464125,3.052404329325729,165.608
272,-4.508355617523193,1.52912437915802,3.0669212341308594,-0.5,0.5,165.6439971923828,-4.50244549613695,1.5285549706177723,3.070660697547611,165.653
273,-4.484776020050049,1.5270394086837769,3.081936836242676,-0.5,0.5,165.68499755859375,-4.50244549613695,1.5285549706177723,3.070660697547611,165.653
274,-4.4730329513549805,1.5261152982711792,3.08918833732605,-0.5,0.5,165.6999969482422,-4.473033028277167,1.526115340568867,3.0891883712120425,165.7
275,-4.449487686157227,1.5245654582977295,3.1040494441986084,-0.5,0.5,165.7449951171875,-4.449487711351329,1.5245655038577042,3.104049432719182,165.745
276,-4.449487686157227,1.5245654582977295,3.1040494441986084,-0.5,0.5,165.7449951171875,-4.449487711351329,1.5245655038577042,3.104049432719182,165.745
277,-4.425926685333252,1.5232971906661987,3.1191723346710205,-0.5,0.5,165.78700256347656,-4.425926897393178,1.5232971819025727,3.1191723362747212,165.787
278,-4.425926685333252,1.5232971906661987,3.1191723346710205,-0.5,0.5,165.78700256347656,-4.396421776247498,1.5223182141652214,3.1375824415635805,165.836
279,-4.396421909332275,1.5223182439804077,3.137582540512085,-0.5,0.5,165.83599853515625,-4.396421776247498,1.5223182141652214,3.1375824415635805,165.836
280,-4.366950988769531,1.5218162536621094,-3.1267166137695312,-0.5,0.5,165.88299560546875,-4.366951145543925,1.5218162761608638,-3.1267166313859525,165.883
281,-4.366950988769531,1.5218162536621094,-3.1267166137695312,-0.5,0.5,165.88299560546875,-4.3493386756526515,1.5218054753841126,-3.1164079023207703,165.917
282,-4.337540149688721,1.5218356847763062,-3.1092090606689453,-0.5,0.5,165.92999267578125,-4.3375401191946095,1.521835628395755,-3.109209163013289,165.93
283,-4.313975811004639,1.522158145904541,-3.0944888591766357,-0.5,0.5,165.97500610351562,-4.313975747147605,1.5221580871551317,-3.0944889617414195,165.975
284,-4.313975811004639,1.522158145904541,-3.0944888591766357,-0.5,0.5,165.97500610351562,-4.313975747147605,1.5221580871551317,-3.0944889617414195,165.975
285,-4.284562110900879,1.5232101678848267,-3.076828718185425,-0.5,0.5,166.02699279785156,-4.2845622867005195,1.5232101739419082,-3.0768286967772887,166.027
286,-4.284562110900879,1.5232101678848267,-3.076828718185425,-0.5,0.5,166.02699279785156,-4.255236247304457,1.5246418198765306,-3.0580286079872736,166.073
287,-4.2552361488342285,1.5246418714523315,-3.0580286979675293,-0.5,0.5,166.072998046875,-4.255236247304457,1.5246418198765306,-3.0580286079872736,166.073
288,-4.226063251495361,1.5266461372375488,-3.040825128555298,-0.5,0.5,166.1230010986328,-4.226063366177948,1.52664614767732,-3.040825148030355,166.123
289,-4.226063251495361,1.5266461372375488,-3.040825128555298,-0.5,0.5,166.1230010986328,-4.196808593036571,1.529197625124655,-3.0229349970076917,166.17
290,-4.190981864929199,1.5298309326171875,-3.0192365646362305,-0.5,0.5,166.177001953125,-4.190981699911189,1.5298309099016094,-3.0192366385345837,166.18
291,-4.167661190032959,1.5324937105178833,-3.003901481628418,-0.5,0.5,166.2239990234375,-4.167661202823996,1.5324937189130199,-3.0039014460833715,166.224
292,-4.167661190032959,1.5324937105178833,-3.003901481628418,-0.5,0.5,166.2239990234375,-4.167661202823996,1.5324937189130199,-3.0039014460833715,166.224
293,-4.144401550292969,1.5353165864944458,-2.988938808441162,-0.5,0.5,166.26400756835938,-4.144401551967069,1.5353165295874232,-2.988938747435274,166.264
294,-4.121301174163818,1.5385364294052124,-2.9756202697753906,-0.5,0.5,166.3090057373047,-4.121301208543951,1.5385364300259097,-2.975620340823088,166.309
295,-4.121301174163818,1.5385364294052124,-2.9756202697753906,-0.5,0.5,166.3090057373047,-4.121301208543951,1.5385364300259097,-2.975620340823088,166.309
296,-4.092319011688232,1.543045997619629,-2.9576163291931152,-0.5,0.5,166.3520050048828,-4.092318864986473,1.5430459854319891,-2.957616444566626,166.352
297,-4.06347131729126,1.5480635166168213,-2.9405336380004883,-0.5,0.5,166.39999389648438,-4.063471237929281,1.5480635156360414,-2.9405336942989857,166.4
298,-4.06347131729126,1.5480635166168213,-2.9405336380004883,-0.5,0.0,166.39999389648438,-4.063471237929281,1.5480635156360414,-2.9405336942989857,166.4
299,-3.8404057025909424,1.5976934432983398,-2.9172561168670654,-0.5,0.0,166.86000061035156,-3.838034478759134,1.598270446520487,-2.917684352365883,166.905
300,-3.83736252784729,1.5984365940093994,-2.917876720428467,-0.5,0.0,166.9199981689453,-3.837362644238987,1.5984365568402663,-2.9178766918498487,166.92
301,-3.8346803188323975,1.5990726947784424,-2.918236255645752,-0.5,0.0,166.96099853515625,-3.834680341451393,1.5990727501700817,-2.918236333610389,166.961
302,-3.8346803188323975,1.5990726947784424,-2.918236255645752,-0.5,0.0,166.96099853515625,-3.834680341451393,1.5990727501700817,-2.918236333610389,166.961
303,-3.828230857849121,1.6006040573120117,-2.91823410987854,-0.5,0.0,167.00599670410156,-3.828230919108827,1.6006040199028218,-2.9182340265406803,167.006
304,-3.828230857849121,1.6006040573120117,-2.91823410987854,-0.5,0.0,167.00599670410156,-3.8136900055106278,1.6039914508850166,-2.9184050786759714,167.051
305,-3.813689947128296,1.6039915084838867,-2.918405055999756,-0.5,0.0,167.0500030517578,-3.8136900055106278,1.6039914508850166,-2.9184050786759714,167.051
306,-3.791567325592041,1.609153151512146,-2.9178850650787354,-0.5,0.0,167.10000610351562,-3.791567284173675,1.6091531031008985,-2.917885117917113,167.1
307,-3.7864089012145996,1.6103272438049316,-2.917961359024048,-0.5,0.0,167.11000061035156,-3.786408790702583,1.6103272367276444,-2.917961288753812,167.11
308,-3.764622688293457,1.6152215003967285,-2.9184136390686035,-0.5,0.0,167.1510009765625,-3.764622690181604,1.6152215025143666,-2.9184137105496246,167.151
309,-3.7420566082000732,1.6203981637954712,-2.9187183380126953,-0.5,0.0,167.1959991455078,-3.7420565507145933,1.6203981473682738,-2.9187182980615245,167.196
310,-3.7420566082000732,1.6203981637954712,-2.9187183380126953,-0.5,0.0,167.1959991455078,-3.7420565507145933,1.6203981473682738,-2.9187182980615245,167.196
311,-3.719294309616089,1.6255842447280884,-2.919074058532715,-0.5,0.0,167.23599243164062,-3.7192943251332005,1.6255842274758014,-2.9190740031242677,167.236
312,-3.690521001815796,1.6321218013763428,-2.9195523262023926,-0.5,0.0,167.27999877929688,-3.690521080290604,1.6321218499741486,-2.9195523198317477,167.28
313,-3.690521001815796,1.6321218013763428,-2.9195523262023926,-0.5,0.0,167.27999877929688,-3.690521080290604,1.6321218499741486,-2.9195523198317477,167.28
314,-3.65604829788208,1.6399555206298828,-2.9199695587158203,-0.5,0.0,167.33999633789062,-3.656048368220987,1.6399555312424374,-2.9199696105566764,167.34
315,-3.65604829788208,1.6399555206298828,-2.9199695587158203,-0.5,0.0,167.33999633789062,-3.6330582693838096,1.645181290869778,-2.9202817685480618,167.382
316,-3.6330583095550537,1.6451812982559204,-2.9202818870544434,-0.5,0.0,167.3820037841797,-3.6330582693838096,1.645181290869778,-2.9202817685480618,167.382
317,-3.6099469661712646,1.6503870487213135,-2.9206924438476562,-0.5,0.0,167.42599487304688,-3.609946991511542,1.6503870542428516,-2.920692487664643,167.427
318,-3.586970806121826,1.655605435371399,-2.9209463596343994,-0.5,0.0,167.47000122070312,-3.5869707103025794,1.6556054238278033,-2.920946387601236,167.471
319,-3.586970806121826,1.655605435371399,-2.9209463596343994,-0.5,0.0,167.47000122070312,-3.5869707103025794,1.6556054238278033,-2.920946387601236,167.471
320,-3.5582292079925537,1.6620944738388062,-2.921375036239624,-0.5,0.0,167.51600646972656,-3.5582293119699364,1.6620944317024957,-2.9213751128701224,167.516
321,-3.5351247787475586,1.6672900915145874,-2.921684741973877,-0.5,0.0,167.55299377441406,-3.5293630662374844,1.6685883376059505,-2.9217513906623935,167.56
322,-3.5236165523529053,1.6698789596557617,-2.921839714050293,-0.5,0.0,167.57000732421875,-3.523616553142343,1.6698789185188174,-2.9218397020803466,167.57
323,-3.506427049636841,1.673742651939392,-2.9220871925354004,-0.5,0.0,167.60800170898438,-3.5064269631423066,1.6737427093679174,-2.922087198771163,167.608
324,-3.506427049636841,1.673742651939392,-2.9220871925354004,-0.5,0.0,167.60800170898438,-3.5064269631423066,1.6737427093679174,-2.922087198771163,167.608
325,-3.477632999420166,1.680195689201355,-2.922558546066284,-0.5,0.0,167.6580047607422,-3.477632978122914,1.6801957247034003,-2.922558448627559,167.658
326,-3.4487853050231934,1.6866576671600342,-2.922966480255127,-0.5,0.0,167.6999969482422,-3.4487853060799694,1.6866577250935608,-2.9229663800129653,167.7
327,-3.4430501461029053,1.6879428625106812,-2.9230453968048096,-0.5,0.0,167.7100067138672,-3.4430500996141102,1.6879428542876587,-2.9230454494100053,167.71
328,-3.4258460998535156,1.6917998790740967,-2.923276901245117,-0.5,0.0,167.74899291992188,-3.4258461615839257,1.691799876703637,-2.9232769156971807,167.749
329,-3.4258460998535156,1.6917998790740967,-2.923276901245117,-0.5,0.0,167.74899291992188,-3.3969913825776747,1.698227105034656,-2.9238134623947554,167.795
330,-3.396991491317749,1.698227047920227,-2.923813581466675,-0.5,0.0,167.79600524902344,-3.3969913825776747,1.698227105034656,-2.9238134623947554,167.795
331,-3.362462043762207,1.7059297561645508,-2.924285650253296,-0.5,0.0,167.85000610351562,-3.3624619376415636,1.7059297899704582,-2.9242857035664285,167.85
332,-3.362462043762207,1.7059297561645508,-2.924285650253296,-0.5,0.0,167.85000610351562,-3.3624619376415636,1.7059297899704582,-2.9242857035664285,167.85
333,-3.3394622802734375,1.7110226154327393,-2.924635410308838,-0.5,0.0,167.88999938964844,-3.339462230883105,1.711022581887252,-2.9246354746984324,167.89
334,-3.316344976425171,1.7161266803741455,-2.924999237060547,-0.5,0.0,167.93899536132812,-3.3163449904219826,1.7161266395920698,-2.9249992208815168,167.939
335,-3.316344976425171,1.7161266803741455,-2.924999237060547,-0.5,0.0,167.93899536132812,-3.3163449904219826,1.7161266395920698,-2.9249992208815168,167.939
336,-3.2933454513549805,1.7212282419204712,-2.925260066986084,-0.5,0.0,167.97300720214844,-3.2933453544603797,1.7212282229857268,-2.925260000225857,167.973
337,-3.264600992202759,1.7275785207748413,-2.9256458282470703,-0.5,0.0,168.0240020751953,-3.264601024702124,1.7275785517931288,-2.925645849979276,168.024
338,-3.264600992202759,1.7275785207748413,-2.9256458282470703,-0.5,0.0,168.0240020751953,-3.264601024702124,1.7275785517931288,-2.925645849979276,168.024
339,-3.22994065284729,1.7352021932601929,-2.9261550903320312,-0.5,0.0,168.0800018310547,-3.2299406812440647,1.7352022425765066,-2.9261551813814592,168.08
340,-3.22994065284729,1.7352021932601929,-2.9261550903320312,-0.5,0.0,168.0800018310547,-3.2299406812440647,1.7352022425765066,-2.9261551813814592,168.08
341,-3.2070059776306152,1.7402597665786743,-2.926427125930786,-0.5,0.0,168.12100219726562,-3.2070058606538043,1.7402597555754844,-2.9264270594486588,168.121
342,-3.1839334964752197,1.7453187704086304,-2.9267992973327637,-0.5,0.0,168.16600036621094,-3.1839335893891083,1.745318722612603,-2.926799313505094,168.166
343,-3.1839334964752197,1.7453187704086304,-2.9267992973327637,-0.5,0.0,168.16600036621094,-3.1608086658332413,1.7503908410353555,-2.9271320819483075,168.207
344,-3.160808563232422,1.750390887260437,-2.9271321296691895,-0.5,0.0,168.20700073242188,-3.1608086658332413,1.7503908410353555,-2.9271320819483075,168.207
345,-3.137847423553467,1.7554365396499634,-2.927443265914917,-0.5,0.0,168.2469940185547,-3.1378475142939206,1.755436482139781,-2.927443227722162,168.248
346,-3.1147971153259277,1.7604680061340332,-2.927809953689575,-0.5,0.0,168.28700256347656,-3.114797081978573,1.7604679683105775,-2.927809924297018,168.287
347,-3.1147971153259277,1.7604680061340332,-2.927809953689575,-0.5,0.0,168.28700256347656,-3.114797081978573,1.7604679683105775,-2.927809924297018,168.287
348,-3.0858895778656006,1.766761064529419,-2.928215265274048,-0.5,0.0,168.33399963378906,-3.0858896229824953,1.7667610715268718,-2.928215349940577,168.328
349,-3.0571863651275635,1.7730233669281006,-2.928591728210449,-0.5,0.0,168.3800048828125,-3.057186442667804,1.773023400937731,-2.9285916203725133,168.38
350,-3.0514323711395264,1.7742702960968018,-2.9286694526672363,-0.5,0.0,168.38999938964844,-3.0514322768288578,1.7742702908261712,-2.9286695662075317,168.386
351,-3.0283212661743164,1.7792726755142212,-2.9290270805358887,-0.5,0.0,168.43600463867188,-3.028321156953768,1.7792726664979488,-2.9290271116412225,168.436
352,-3.0283212661743164,1.7792726755142212,-2.9290270805358887,-0.5,0.0,168.43600463867188,-3.028321156953768,1.7792726664979488,-2.9290271116412225,168.436
353,-3.0052332878112793,1.7842769622802734,-2.9293291568756104,-0.5,0.0,168.47900390625,-3.005233186857023,1.7842769333121116,-2.929329196006641,168.479
354,-2.976504325866699,1.7905311584472656,-2.929715156555176,-0.5,0.0,168.5229949951172,-2.976504271499811,1.7905311411593186,-2.929715228737476,168.523
355,-2.976504325866699,1.7905311584472656,-2.929715156555176,-0.5,0.0,168.5229949951172,-2.976504271499811,1.7905311411593186,-2.929715228737476,168.523
356,-2.9417924880981445,1.7980055809020996,-2.930238962173462,-0.5,0.0,168.58099365234375,-2.9417924104804873,1.7980056377317986,-2.930238912227498,168.581
357,-2.9417924880981445,1.7980055809020996,-2.930238962173462,-0.5,0.0,168.58099365234375,-2.924537272204859,1.8017351922704106,-2.9304145307848346,168.619
358,-2.924537181854248,1.8017351627349854,-2.9304144382476807,-0.5,0.0,168.61900329589844,-2.924537272204859,1.8017351922704106,-2.9304145307848346,168.619
359,-2.901540994644165,1.8066867589950562,-2.9307076930999756,-0.5,0.0,168.6540069580078,-2.9015409038453814,1.8066868119599022,-2.930707647582816,168.654
360,-2.901540994644165,1.8066867589950562,-2.9307076930999756,-0.5,0.0,168.6540069580078,-2.9015409038453814,1.8066868119599022,-2.930707647582816,168.654
361,-2.872612953186035,1.8128993511199951,-2.9311254024505615,-0.5,0.0,168.70599365234375,-2.872612853874446,1.8128993088748142,-2.931125423286051,168.706
362,-2.8438313007354736,1.8191028833389282,-2.931490182876587,-0.5,0.0,168.75100708007812,-2.843831329506374,1.8191029052868588,-2.931490153068356,168.751
363,-2.8438313007354736,1.8191028833389282,-2.931490182876587,-0.5,0.0,168.75100708007812,-2.8207792191155656,1.8240475071074058,-2.9318159420542815,168.79
364,-2.8092010021209717,1.826521396636963,-2.9319887161254883,-0.5,0.0,168.80999755859375,-2.809200944435452,1.8265213518344319,-2.9319888231552755,168.81
365,-2.8092010021209717,1.826521396636963,-2.9319887161254883,-0.5,0.0,168.80999755859375,-2.7860771916084484,1.8314615322285834,-2.9322917440306755,168.851
366,-2.7860772609710693,1.8314615488052368,-2.9322917461395264,-0.5,0.0,168.8509979248047,-2.7860771916084484,1.8314615322285834,-2.9322917440306755,168.851
367,-2.763094425201416,1.8363893032073975,-2.9325766563415527,-0.5,0.0,168.89500427246094,-2.7630944089145233,1.8363892442346652,-2.932576581693506,168.895
368,-2.7399845123291016,1.841315507888794,-2.9329135417938232,-0.5,0.0,168.93499755859375,-2.7399844426829514,1.8413154913715206,-2.9329136370925095,168.935
369,-2.7399845123291016,1.841315507888794,-2.9329135417938232,-0.5,0.0,168.93499755859375,-2.7399844426829514,1.8413154913715206,-2.9329136370925095,168.935
370,-2.716829776763916,1.8462308645248413,-2.9332528114318848,-0.5,0.0,168.9720001220703,-2.7168298483452378,1.8462308242549383,-2.933252762008447,168.972
371,-2.693838119506836,1.851144790649414,-2.933462381362915,-0.5,0.0,169.01400756835938,-2.6938381079671183,1.8511447417993132,-2.9334622809583326,169.014
372,-2.693838119506836,1.851144790649414,-2.933462381362915,-0.5,0.0,169.01400756835938,-2.6938381079671183,1.8511447417993132,-2.9334622809583326,169.014
373,-2.6707634925842285,1.8560373783111572,-2.933764696121216,-0.5,0.0,169.0590057373047,-2.6707634628490666,1.8560373541218538,-2.933764765449912,169.059
374,-2.6418204307556152,1.8621549606323242,-2.9341859817504883,-0.5,0.0,169.10400390625,-2.6418204765472986,1.8621549064295961,-2.9341859690119887,169.104
375,-2.6418204307556152,1.8621549606323242,-2.9341859817504883,-0.5,0.0,169.10400390625,-2.6418204765472986,1.8621549064295961,-2.9341859690119887,169.104
376,-2.613070487976074,1.8682559728622437,-2.9345855712890625,-0.5,0.0,169.15199279785156,-2.6130706051636743,1.8682560230136256,-2.9345854892903778,169.152
377,-2.5841472148895264,1.8743555545806885,-2.935070037841797,-0.5,0.0,169.1999969482422,-2.584147104687466,1.8743555851143339,-2.9350700521176543,169.2
378,-2.5783493518829346,1.8755724430084229,-2.9351601600646973,-0.5,0.0,169.2100067138672,-2.5783493191810805,1.8755724888006553,-2.9351600558416733,169.21
379,-2.5610334873199463,1.8792332410812378,-2.935347318649292,-0.5,0.0,169.2469940185547,-2.5610334077198376,1.8792332428136742,-2.935347239327555,169.247
380,-2.5610334873199463,1.8792332410812378,-2.935347318649292,-0.5,0.0,169.2469940185547,-2.5610334077198376,1.8792332428136742,-2.935347239327555,169.247
381,-2.5322563648223877,1.885276198387146,-2.9358420372009277,-0.5,0.0,169.29299926757812,-2.532256425229757,1.885276192411785,-2.9358421261582586,169.294
382,-2.503296136856079,1.8913397789001465,-2.9362940788269043,-0.5,0.0,169.33999633789062,-2.503296193894673,1.8913398073606211,-2.93629413125472,169.34
383,-2.503296136856079,1.8913397789001465,-2.9362940788269043,-0.5,0.0,169.33999633789062,-2.4744955789553402,1.8973802368047408,-2.936647846646072,169.387
384,-2.468745231628418,1.8985878229141235,-2.9367153644561768,-0.5,0.0,169.39999389648438,-2.4687452455495675,1.8985877836341127,-2.936715262913507,169.4
385,-2.445625066757202,1.9034063816070557,-2.9370741844177246,-0.5,0.0,169.44000244140625,-2.4456251744078443,1.9034063638516452,-2.9370741797033317,169.44
386,-2.445625066757202,1.9034063816070557,-2.9370741844177246,-0.5,0.0,169.44000244140625,-2.4456251744078443,1.9034063638516452,-2.9370741797033317,169.44
387,-2.4224414825439453,1.9082258939743042,-2.937403678894043,-0.5,0.0,169.48500061035156,-2.4224414591237036,1.9082258669027607,-2.937403626842112,169.485
388,-2.3994333744049072,1.9130381345748901,-2.937652349472046,-0.5,0.0,169.5290069580078,-2.3994334314023957,1.9130381442187219,-2.937652376845272,169.529
389,-2.3994333744049072,1.9130381345748901,-2.937652349472046,-0.5,0.0,169.5290069580078,-2.3705525385589015,1.9190340040426486,-2.938051604896228,169.571
390,-2.3705525398254395,1.9190340042114258,-2.938051700592041,-0.5,0.0,169.5709991455078,-2.3705525385589015,1.9190340040426486,-2.938051604896228,169.571
391,-2.335859537124634,1.926229476928711,-2.9384748935699463,-0.5,0.0,169.6300048828125,-2.335859574348952,1.9262294441714134,-2.9384747864555276,169.63
392,-2.335859537124634,1.926229476928711,-2.9384748935699463,-0.5,0.0,169.6300048828125,-2.335859574348952,1.9262294441714134,-2.9384747864555276,169.63
393,-2.3128321170806885,1.9310107231140137,-2.9387595653533936,-0.5,0.0,169.6719970703125,-2.3128320432838483,1.9310107626501318,-2.9387596777525427,169.672
394,-2.2896523475646973,1.9357908964157104,-2.9391660690307617,-0.5,0.0,169.71400451660156,-2.2896523413153975,1.9357909530045452,-2.939166095681004,169.714
395,-2.2896523475646973,1.9357908964157104,-2.9391660690307617,-0.5,0.0,169.71400451660156,-2.2896523413153975,1.9357909530045452,-2.939166095681004,169.714
396,-2.2665011882781982,1.94057035446167,-2.939420700073242,-0.5,0.0,169.76300048828125,-2.2665011535872965,1.9405703542245976,-2.9394207954981986,169.763
397,-2.2377049922943115,1.9465121030807495,-2.939866542816162,-0.5,0.0,169.802001953125,-2.2377049295984297,1.9465120538956906,-2.9398664823445038,169.802
398,-2.2377049922943115,1.9465121030807495,-2.939866542816162,-0.5,0.0,169.802001953125,-2.2377049295984297,1.9465120538956906,-2.9398664823445038,169.802
399,-2.202916145324707,1.9536513090133667,-2.9403634071350098,-0.5,0.0,169.86000061035156,-2.2029161992793505,1.9536513077794349,-2.940363468126369,169.86
400,-2.202916145324707,1.9536513090133667,-2.9403634071350098,-0.5,0.0,169.86000061035156,-2.2029161992793505,1.9536513077794349,-2.940363468126369,169.86
401,-2.1798601150512695,1.9583882093429565,-2.9406731128692627,-0.5,0.0,169.90499877929688,-2.1798600160447172,1.9583882344278363,-2.9406731014529437,169.905
402,-2.150963068008423,1.9642996788024902,-2.941152572631836,-0.5,0.0,169.9530029296875,-2.150962966055285,1.9642996950671727,-2.941152587440852,169.953
403,-2.150963068008423,1.9642996788024902,-2.941152572631836,-0.5,0.0,169.9530029296875,-2.150962966055285,1.9642996950671727,-2.941152587440852,169.953
404,-2.0989718437194824,1.9749125242233276,-2.9418060779571533,-0.5,0.0,170.0449981689453,-2.09897193402638,1.9749124716772533,-2.9418060437948395,170.045
405,-2.0989718437194824,1.9749125242233276,-2.9418060779571533,-0.5,0.0,170.0449981689453,-2.09897193402638,1.9749124716772533,-2.9418060437948395,170.045
406,-2.070032835006714,1.9807924032211304,-2.9422552585601807,-0.5,0.0,170.08700561523438,-2.070032912619547,1.9807923556561893,-2.942255206762421,170.09
407,-2.046868324279785,1.985491394996643,-2.9425134658813477,-0.5,0.0,170.13600158691406,-2.0411080446112964,1.986658967840669,-2.9425733958282136,170.14
408,-2.0353548526763916,1.9878308773040771,-2.942636489868164,-0.5,0.0,170.14999389648438,-2.0353549096819132,1.9878309348532182,-2.9426364144603756,170.15
409,-1.8149440288543701,2.032238483428955,-2.9462876319885254,0.5,0.5,170.5780029296875,-1.8149440052173977,2.032238559317885,-2.9462876426480142,170.57
410,-1.9318716526031494,2.0008111000061035,-2.89314866065979,0.5,0.5,171.08599853515625,-1.9320472025681343,2.000781033053831,-2.89313917794502,171.09
411,-1.9318716526031494,2.0008111000061035,-2.89314866065979,0.5,0.5,171.08599853515625,-1.9320472025681343,2.000781033053831,-2.89313917794502,171.09
412,-1.9332236051559448,2.0004796981811523,-2.8918204307556152,0.5,0.5,171.13900756835938,-1.9338971904584792,2.000293770426332,-2.890866796038612,171.15
413,-1.9332236051559448,2.0004796981811523,-2.8918204307556152,0.5,0.5,171.13900756835938,-1.9338971904584792,2.000293770426332,-2.890866796038612,171.15
414,-1.9388569593429565,1.9988149404525757,-2.88387131690979,0.5,0.5,171.19000244140625,-1.9388570180011107,1.9988149670381326,-2.883871335984019,171.193
415,-1.951048493385315,1.9947799444198608,-2.8714680671691895,0.5,0.5,171.24000549316406,-1.9480928911474142,1.9957646973437038,-2.8737295460930294,171.231
416,-1.9541171789169312,1.9936753511428833,-2.8695597648620605,0.5,0.5,171.25,-1.9480928911474142,1.9957646973437038,-2.8737295460930294,171.231
417,-1.9682903289794922,1.9883038997650146,-2.86194109916687,0.5,0.5,171.29299926757812,-1.9642813246419095,1.989712774018502,-2.864328775136956,171.28
418,-2.0434534549713135,1.9637839794158936,-2.8257217407226562,0.5,0.0,171.44400024414062,-2.053813274887154,1.9597279371953438,-2.8211413252997097,171.469
419,-2.2559356689453125,1.8883804082870483,-2.8083202838897705,0.5,0.0,171.9199981689453,-2.256939621561064,1.887921876473836,-2.808377832230345,171.952
420,-2.257061243057251,1.8878490924835205,-2.80838942527771,0.5,0.0,171.96099853515625,-2.256939621561064,1.887921876473836,-2.808377832230345,171.952
421,-2.2581632137298584,1.8875012397766113,-2.808445930480957,0.5,0.0,172.0050048828125,-2.258890987390745,1.8872727704031864,-2.8085175632744828,172.01
422,-2.2581632137298584,1.8875012397766113,-2.808445930480957,0.5,0.0,172.0050048828125,-2.258890987390745,1.8872727704031864,-2.8085175632744828,172.01
423,-2.2640113830566406,1.8855470418930054,-2.8088507652282715,0.5,0.0,172.05099487304688,-2.264011460554738,1.8855470585388172,-2.8088506485622227,172.055
424,-2.2766740322113037,1.881156325340271,-2.8094019889831543,0.5,0.0,172.10000610351562,-2.2735037146790282,1.8822678268959105,-2.8092418683671347,172.096
425,-2.2801618576049805,1.879944920539856,-2.8095364570617676,0.5,0.0,172.11000061035156,-2.2735037146790282,1.8822678268959105,-2.8092418683671347,172.096
426,-2.296438694000244,1.8744736909866333,-2.8086485862731934,0.5,0.0,172.15199279785156,-2.292116069366512,1.875917308574082,-2.80909206408284,172.143
427,-2.296438694000244,1.8744736909866333,-2.8086485862731934,0.5,0.0,172.15199279785156,-2.3150273095147798,1.8677171764345608,-2.8088723983214288,172.19
428,-2.3150272369384766,1.8677171468734741,-2.8088724613189697,0.5,0.0,172.19900512695312,-2.3200571123665488,1.8659835177599107,-2.809057320715086,172.2
429,-2.5606689453125,1.783625841140747,-2.8079516887664795,0.0,0.5,173.05099487304688,-2.560669036437989,1.783625866214865,-2.8079516467264174,173.051
430,-2.5578861236572266,1.7828953266143799,-2.742048978805542,0.0,0.5,173.5399932861328,-2.557886218655564,1.782895382045461,-2.7420490920155265,173.538
431,-2.5575435161590576,1.7830828428268433,-2.742318868637085,0.0,0.5,173.58399963378906,-2.557543459726156,1.783082783682794,-2.742318937454888,173.584
432,-2.5571632385253906,1.7832695245742798,-2.7406246662139893,0.0,0.5,173.6300048828125,-2.5571632221985485,1.7832694693679345,-2.740624714807911,173.63
433,-2.5571632385253906,1.7832695245742798,-2.7406246662139893,0.0,0.5,173.6300048828125,-2.5571632221985485,1.7832694693679345,-2.740624714807911,173.63
434,-2.5566673278808594,1.783459186553955,-2.7284209728240967,0.0,0.5,173.69000244140625,-2.556667446427769,1.7834592438125052,-2.728420889867716,173.69
435,-2.5566673278808594,1.783459186553955,-2.7284209728240967,0.0,0.5,173.69000244140625,-2.5562978171650417,1.7834332352412918,-2.7165633091612658,173.73
436,-2.556297779083252,1.783433198928833,-2.7165632247924805,0.0,0.5,173.72999572753906,-2.5562978171650417,1.7834332352412918,-2.7165633091612658,173.73
437,-2.555912733078003,1.7832540273666382,-2.7048795223236084,0.0,0.5,173.7729949951172,-2.55591273087026,1.7832540398280774,-2.704879528947205,173.772
438,-2.5556907653808594,1.7829475402832031,-2.6942195892333984,0.0,0.5,173.8179931640625,-2.555690749081272,1.7829475962111003,-2.694219504727565,173.818
439,-2.5556907653808594,1.7829475402832031,-2.6942195892333984,0.0,0.5,173.8179931640625,-2.555690749081272,1.7829475962111003,-2.694219504727565,173.818
440,-2.5549211502075195,1.7816953659057617,-2.6534101963043213,0.0,0.0,173.96200561523438,-2.5549210360564176,1.781695341302338,-2.653410289634163,173.96
441,-2.553823709487915,1.7815426588058472,-2.633721351623535,0.0,0.0,174.44000244140625,-2.5538237862129685,1.7815426447633755,-2.6337214443731307,174.44
442,-2.5537378787994385,1.7816154956817627,-2.6338722705841064,0.0,0.0,174.49000549316406,-2.553737808116747,1.7816154554871284,-2.6338722153785334,174.49
443,-2.5536625385284424,1.7817155122756958,-2.634007215499878,0.0,0.0,174.54299926757812,-2.5536626022356455,1.7817155309846846,-2.6340072451597525,174.543
444,-2.5536625385284424,1.7817155122756958,-2.634007215499878,0.0,0.0,174.54299926757812,-2.553590780365457,1.7817957304448184,-2.634141256086437,174.586
445,-2.553590774536133,1.7817957401275635,-2.634141206741333,0.0,0.0,174.58599853515625,-2.553590780365457,1.7817957304448184,-2.634141256086437,174.586
446,-2.553520679473877,1.7818480730056763,-2.634220838546753,0.0,0.0,174.6269989013672,-2.5535207421415946,1.7818480227240499,-2.634220759306042,174.627
447,-2.5534541606903076,1.7819147109985352,-2.634338617324829,0.0,0.0,174.66900634765625,-2.553454225285979,1.7819147148427816,-2.6343385657980978,174.669
448,-2.5534541606903076,1.7819147109985352,-2.634338617324829,0.0,0.0,174.66900634765625,-2.553454225285979,1.7819147148427816,-2.6343385657980978,174.669
449,-2.5533607006073,1.781990885734558,-2.634485960006714,0.0,0.0,174.7100067138672,-2.553360742179912,1.7819909218248988,-2.6344858774886055,174.71
450,-2.5532968044281006,1.782076358795166,-2.634638547897339,0.0,0.0,174.7530059814453,-2.553296742326467,1.7820763929270784,-2.6346386581253576,174.753
451,-2.553264856338501,1.7821145057678223,-2.6347029209136963,0.0,0.0,174.77000427246094,-2.55326495288331,1.7821145625475852,-2.6347029369562724,174.77
452,-2.5531811714172363,1.7821662425994873,-2.6348085403442383,0.0,0.0,174.81199645996094,-2.5531811168492506,1.7821662209736018,-2.6348084321033736,174.812
453,-2.5531811714172363,1.7821662425994873,-2.6348085403442383,0.0,0.0,174.81199645996094,-2.5531811168492506,1.7821662209736018,-2.6348084321033736,174.812
454,-2.5531203746795654,1.782225489616394,-2.634883165359497,0.0,0.0,174.85800170898438,-2.5531204299821937,1.7822254895922647,-2.634883051421089,174.858
455,-2.55304217338562,1.7822957038879395,-2.63501238822937,0.0,0.0,174.90199279785156,-2.553042090884952,1.782295679480499,-2.635012400294017,174.902
456,-2.55304217338562,1.7822957038879395,-2.63501238822937,0.0,0.0,174.90199279785156,-2.553042090884952,1.782295679480499,-2.635012400294017,174.902
457,-2.552943706512451,1.782392144203186,-2.635162830352783,0.0,0.0,174.9600067138672,-2.552943754608359,1.7823921884101475,-2.6351628969538474,174.96
458,-2.552943706512451,1.782392144203186,-2.635162830352783,0.0,0.0,174.9600067138672,-2.5529010152123432,1.782482491744399,-2.6353127577135114,174.997
459,-2.552901029586792,1.7824825048446655,-2.635312795639038,0.0,0.0,174.9969940185547,-2.5529010152123432,1.782482491744399,-2.6353127577135114,174.997
460,-2.5527915954589844,1.7825647592544556,-2.635465145111084,0.0,0.0,175.04100036621094,-2.5527916990425297,1.7825647489200158,-2.635465252724659,175.041
461,-2.5527915954589844,1.7825647592544556,-2.635465145111084,0.0,0.0,175.04100036621094,-2.5527078525382314,1.7826545249120385,-2.6355783189274633,175.09
462,-2.552692174911499,1.7826714515686035,-2.6356232166290283,0.0,0.0,175.10000610351562,-2.5526920590085567,1.7826714085602124,-2.6356232456613773,175.1
463,-2.551619529724121,1.7835924625396729,-2.637202501296997,-0.5,0.0,175.7270050048828,-2.551619648421789,1.7835924873327733,-2.6372025160757904,175.728
464,-2.420712471008301,1.8568317890167236,-2.6404569149017334,-0.5,0.0,176.22000122070312,-2.4207125337537923,1.8568317459485089,-2.6404568559973476,176.22
465,-2.420712471008301,1.8568317890167236,-2.6404569149017334,-0.5,0.0,176.22000122070312,-2.419179251302024,1.8577419199475909,-2.6408793423668606,176.259
466,-2.4185853004455566,1.8580704927444458,-2.6409475803375244,-0.5,0.0,176.27000427246094,-2.4185852146581466,1.8580704747649417,-2.6409475413421344,176.27
467,-2.4185853004455566,1.8580704927444458,-2.6409475803375244,-0.5,0.0,176.27000427246094,-2.4142470225373,1.8605044066291432,-2.64077619646688,176.315
468,-2.4142470359802246,1.860504388809204,-2.6407761573791504,-0.5,0.0,176.31500244140625,-2.4142470225373,1.8605044066291432,-2.64077619646688,176.315
469,-2.405789852142334,1.8652887344360352,-2.64023756980896,-0.5,0.0,176.3509979248047,-2.405789939912508,1.8652887112806256,-2.6402376861757313,176.351
470,-2.405789852142334,1.8652887344360352,-2.64023756980896,-0.5,0.0,176.3509979248047,-2.392708551233394,1.8726172241106827,-2.639612690576187,176.397
471,-2.3927085399627686,1.872617244720459,-2.6396126747131348,-0.5,0.0,176.39599609375,-2.392708551233394,1.8726172241106827,-2.639612690576187,176.397
472,-2.3706648349761963,1.8847911357879639,-2.6393625736236572,-0.5,0.0,176.4409942626953,-2.3706648109560313,1.8847911510707573,-2.639362667659061,176.442
473,-2.3508334159851074,1.8956594467163086,-2.6397042274475098,-0.5,0.0,176.48899841308594,-2.3457749506888246,1.8984363485201874,-2.639779027480353,176.49
474,-2.3202316761016846,1.9125515222549438,-2.640329122543335,-0.5,0.0,176.54600524902344,-2.320231695143541,1.9125515616056825,-2.64032920106376,176.546
475,-2.3202316761016846,1.9125515222549438,-2.640329122543335,-0.5,0.0,176.54600524902344,-2.320231695143541,1.9125515616056825,-2.64032920106376,176.546
476,-2.299574851989746,1.923919677734375,-2.6408960819244385,-0.5,0.0,176.58700561523438,-2.299574836584841,1.9239196270421535,-2.640896180169374,176.587
477,-2.258232831954956,1.9466439485549927,-2.6416709423065186,-0.5,0.0,176.66900634765625,-2.258232860223252,1.9466439546731542,-2.641671033285029,176.67
478,-2.232332706451416,1.9608522653579712,-2.642357587814331,-0.5,0.0,176.71499633789062,-2.2323326967233617,1.9608522851357455,-2.642357536364288,176.715
479,-2.232332706451416,1.9608522653579712,-2.642357587814331,-0.5,0.0,176.71499633789062,-2.2323326967233617,1.9608522851357455,-2.642357536364288,176.715
480,-2.2012672424316406,1.977872371673584,-2.642862319946289,-0.5,0.0,176.77000427246094,-2.2012672892559024,1.977872421771573,-2.642862339813928,176.77
481,-2.1857728958129883,1.986411690711975,-2.6431920528411865,-0.5,0.0,176.8090057373047,-2.1857729557294907,1.986411632289285,-2.6431919467299574,176.808
482,-2.1857728958129883,1.986411690711975,-2.6431920528411865,-0.5,0.0,176.8090057373047,-2.1857729557294907,1.986411632289285,-2.6431919467299574,176.808
483,-2.1598055362701416,2.0005593299865723,-2.643864154815674,-0.5,0.0,176.85499572753906,-2.159805515116933,2.0005593362135006,-2.6438640815948022,176.855
484,-2.1598055362701416,2.0005593299865723,-2.643864154815674,-0.5,0.0,176.85499572753906,-2.159805515116933,2.0005593362135006,-2.6438640815948022,176.855
485,-2.133934497833252,2.0147244930267334,-2.644352912902832,-0.5,0.0,176.9040069580078,-2.1339344265347133,2.0147245621008887,-2.6443529795521163,176.904
486,-2.1080093383789062,2.0288326740264893,-2.645111083984375,-0.5,0.0,176.95199584960938,-2.1080092461868416,2.0288326083043517,-2.645111140129874,176.95
487,-2.1080093383789062,2.0288326740264893,-2.645111083984375,-0.5,0.0,176.95199584960938,-2.1080092461868416,2.0288326083043517,-2.645111140129874,176.95
488,-2.076871156692505,2.0457704067230225,-2.645693778991699,-0.5,0.0,177.00999450683594,-2.0768712113528194,2.045770439490383,-2.6456938721039043,177.01
489,-2.076871156692505,2.0457704067230225,-2.645693778991699,-0.5,0.0,177.00999450683594,-2.0768712113528194,2.045770439490383,-2.6456938721039043,177.01
490,-2.0561652183532715,2.057060480117798,-2.6461520195007324,-0.5,0.0,177.05599975585938,-2.0561653348935356,2.0570604649571984,-2.646151942010332,177.056
491,-2.030182361602783,2.071150302886963,-2.646810293197632,-0.5,0.0,177.10299682617188,-2.030182379802488,2.0711503536699523,-2.6468102447470216,177.103
492,-2.030182361602783,2.071150302886963,-2.646810293197632,-0.5,0.0,177.10299682617188,-2.030182379802488,2.0711503536699523,-2.6468102447470216,177.103
493,-2.0042474269866943,2.0852091312408447,-2.647270679473877,-0.5,0.0,177.14999389648438,-2.004247475260373,2.0852092369360644,-2.6472707946853444,177.15
494,-1.9783164262771606,2.0992655754089355,-2.647887706756592,-0.5,0.0,177.1999969482422,-1.9783164640071182,2.0992656539323606,-2.6478876649700718,177.2
495,-1.9731156826019287,2.10207462310791,-2.648013114929199,-0.5,0.0,177.2100067138672,-1.9731157420569547,2.1020746579457477,-2.648013049714023,177.21
496,-1.9523131847381592,2.1132819652557373,-2.6483211517333984,-0.5,0.0,177.2530059814453,-1.952313196317232,2.1132818824636095,-2.6483210953260814,177.253
497,-1.9523131847381592,2.1132819652557373,-2.6483211517333984,-0.5,0.0,177.2530059814453,-1.9315860247610395,2.1245103558772644,-2.648644761170015,177.296
498,-1.9315860271453857,2.1245102882385254,-2.6486446857452393,-0.5,0.0,177.29600524902344,-1.9315860247610395,2.1245103558772644,-2.648644761170015,177.296
499,-1.9108177423477173,2.1357321739196777,-2.6492230892181396,-0.5,0.0,177.34100341796875,-1.9108176845809042,2.13573209255684,-2.649223024697411,177.341
